"['河西', '天塔街']",富锦里,113,20712,"['1室1厅1卫', '中楼层 (共6层)', '54.56㎡', '平层', '板楼', '南', '混合结构', '简装', '一梯四户', '集中供暖']"
"['南开', '王顶堤']",燕园里,169,23101,"['2室1厅1卫', '高楼层 (共6层)', '73.16㎡', '平层', '板塔结合', '南 北', '混合结构', '简装', '一梯三户', '集中供暖']"
"['河东', '真理道']",东康家园,142,18290,"['2室1厅1卫', '中楼层 (共32层)', '77.64㎡', '平层', '板塔结合', '东北', '钢混结构', '简装', '三梯六户', '集中供暖', '有']"
"['宝坻', '京津新城']",鸿坤原乡小镇,27.5,5693,"['1室0厅1卫', '低楼层 (共33层)', '48.31㎡', '平层', '板塔结合', '南 北', '钢混结构', '毛坯', '两梯六户', '集中供暖', '有']"
"['南开', '兴南街']",华兴楼,74,39743,"['1室0厅1卫', '中楼层 (共5层)', '18.62㎡', '平层', '18.62㎡', '板楼', '南', '砖混结构', '毛坯', '一梯两户', '集中供暖']"
"['西青', '李七庄']",和瑞园,105,20240,"['1室1厅1卫', '高楼层 (共18层)', '51.88㎡', '平层', '板楼', '南', '钢混结构', '精装', '两梯五户', '集中供暖', '有']"
"['津南', '小站镇']",天山·水榭花都,69,7092,"['3室1厅1卫', '高楼层 (共28层)', '97.3㎡', '平层', '板楼', '南 北', '钢混结构', '其他', '两梯五户', '集中供暖', '有']"
"['河北', '月牙河']",锦江南里,115,14936,"['3室1厅1卫', '高楼层 (共6层)', '77㎡', '平层', '51.9㎡', '板塔结合', '南 北', '砖混结构', '精装', '一梯三户', '集中供暖']"
"['武清', '保利金街']",保利上河雅苑南区,310,22773,"['3室2厅2卫', '高楼层 (共17层)', '136.13㎡', '平层', '板塔结合', '北 南 西', '钢混结构', '其他', '两梯四户', '集中供暖', '有']"
"['滨海新区', '中新生态城']",双威悦馨苑,168,12709,"['3室1厅2卫', '中楼层 (共19层)', '132.19㎡', '平层', '板楼', '南 北', '钢混结构', '其他', '两梯四户', '集中供暖', '有']"
"['和平', '劝业场']",银凤里,345,64850,"['2室1厅1卫', '高楼层 (共6层)', '53.2㎡', '平层', '板楼', '西南', '混合结构', '其他', '一梯四户', '集中供暖']"
"['滨海新区', '滨海其它']",万科海港城,130,14788,"['2室1厅1卫', '中楼层 (共33层)', '87.91㎡', '平层', '板楼', '南', '钢混结构', '其他', '两梯四户', '集中供暖', '有']"
"['河西', '挂甲寺']",北洋新里,122,31838,"['1室1厅1卫', '低楼层 (共7层)', '38.32㎡', '平层', '板楼', '西', '混合结构', '其他', '一梯五户', '集中供暖']"
"['津南', '八里台']",中海国际公园城,160,10410,"['3室2厅2卫', '低楼层 (共9层)', '153.7㎡', '平层', '板塔结合', '南', '钢混结构', '精装', '一梯两户', '集中供暖', '有']"
"['东丽', '万新街']",融创城融青园,270,22806,"['3室1厅2卫', '低楼层 (共13层)', '118.39㎡', '平层', '板塔结合', '南', '钢混结构', '其他', '两梯四户', '集中供暖', '有']"
"['武清', '静湖']",碧溪卓园,109.5,9446,"['3室1厅1卫', '低楼层 (共6层)', '115.93㎡', '平层', '板楼', '南 北', '混合结构', '其他', '一梯两户', '集中供暖']"
"['武清', '武清其它']",曹园小区,92,12292,"['2室1厅1卫', '低楼层 (共6层)', '74.85㎡', '平层', '板楼', '南', '混合结构', '简装', '一梯两户', '集中供暖']"
"['河东', '大王庄']",荣泰公寓,180,26343,"['2室1厅1卫', '中楼层 (共7层)', '68.33㎡', '暂无数据', '板楼', '南 北', '混合结构', '简装', '一梯四户', '集中供暖']"
"['和平', '劝业场']",四箴北里,409.7,71080,"['2室1厅1卫', '高楼层 (共6层)', '57.64㎡', '平层', '板楼', '南 北', '混合结构', '精装', '一梯四户', '集中供暖']"
"['西青', '李七庄']",富力津门湖景尚嘉郡,220,25020,"['2室1厅1卫', '低楼层 (共26层)', '87.93㎡', '平层', '板楼', '南', '钢混结构', '其他', '两梯五户', '集中供暖', '有']"
"['西青', '张家窝']",万科四季文园,168,18728,"['3室1厅1卫', '低楼层 (共8层)', '89.71㎡', '平层', '板楼', '南', '钢混结构', '精装', '一梯两户', '集中供暖', '有']"
"['和平', '新兴街']",气象东里,285,69445,"['3室1厅1卫', '高楼层 (共7层)', '41.04㎡', '平层', '塔楼', '西', '钢混结构', '其他', '一梯四户', '集中供暖']"
"['河东', '唐家口']",唐口新村六段,145,18648,"['2室2厅1卫', '高楼层 (共7层)', '77.76㎡', '平层', '板楼', '南 北', '混合结构', '其他', '一梯两户', '集中供暖']"
"['南开', '体育中心街']",奥翔园,260,27008,"['2室1厅1卫', '高楼层 (共24层)', '96.27㎡', '平层', '板楼', '南', '钢混结构', '精装', '两梯四户', '集中供暖', '有']"
"['西青', '张家窝']",保利尚林苑,187.5,20324,"['3室1厅1卫', '中楼层 (共8层)', '92.26㎡', '平层', '板楼', '南 北', '钢混结构', '精装', '一梯两户', '集中供暖', '有']"
"['津南', '咸水沽']",普红馨苑,102,9691,"['2室1厅1卫', '高楼层 (共6层)', '105.26㎡', '平层', '板楼', '南', '混合结构', '精装', '一梯两户', '集中供暖']"
"['南开', '王顶堤']",燕园里,120,28296,"['1室1厅1卫', '高楼层 (共6层)', '42.41㎡', '平层', '板塔结合', '南 北', '混合结构', '简装', '一梯三户', '集中供暖']"
"['河北', '王串场']",城垣里,95,18003,"['1室1厅1卫', '高楼层 (共6层)', '52.77㎡', '平层', '板楼', '东 西', '混合结构', '其他', '一梯两户', '集中供暖']"
"['北辰', '瑞景居住区']",宝翠花都瞰景园,165,17867,"['2室2厅1卫', '低楼层 (共6层)', '92.35㎡', '平层', '板楼', '南 北', '混合结构', '精装', '一梯两户', '集中供暖']"
"['河西', '友谊路']",育学里,145,40662,"['2室1厅1卫', '中楼层 (共6层)', '35.66㎡', '平层', '板楼', '南', '砖混结构', '精装', '一梯三户', '集中供暖']"
"['河西', '天塔街']",富锦里,113,20712,"['1室1厅1卫', '中楼层 (共6层)', '54.56㎡', '平层', '板楼', '南', '混合结构', '简装', '一梯四户', '集中供暖']"
"['河西', '挂甲寺']",景兴西里,227,37960,"['2室1厅1卫', '低楼层 (共8层)', '59.8㎡', '平层', '板塔结合', '南 北', '钢混结构', '简装', '一梯三户', '集中供暖']"
"['南开', '王顶堤']",燕园里,169,23101,"['2室1厅1卫', '高楼层 (共6层)', '73.16㎡', '平层', '板塔结合', '南 北', '混合结构', '简装', '一梯三户', '集中供暖']"
"['河东', '春华街']",华庆里,112,22035,"['1室1厅1卫', '中楼层 (共6层)', '50.83㎡', '平层', '板楼', '南 北', '混合结构', '精装', '一梯四户', '集中供暖']"
"['河东', '真理道']",东康家园,142,18290,"['2室1厅1卫', '中楼层 (共32层)', '77.64㎡', '平层', '板塔结合', '东北', '钢混结构', '简装', '三梯六户', '集中供暖', '有']"
"['宝坻', '京津新城']",鸿坤原乡小镇,27.5,5693,"['1室0厅1卫', '低楼层 (共33层)', '48.31㎡', '平层', '板塔结合', '南 北', '钢混结构', '毛坯', '两梯六户', '集中供暖', '有']"
"['武清', '下朱庄']",茂祥园,120,12359,"['2室1厅1卫', '中楼层 (共16层)', '97.1㎡', '平层', '板楼', '南', '钢混结构', '精装', '两梯四户', '集中供暖', '有']"
"['津南', '小站镇']",天山·水榭花都,69,7092,"['3室1厅1卫', '高楼层 (共28层)', '97.3㎡', '平层', '板楼', '南 北', '钢混结构', '其他', '两梯五户', '集中供暖', '有']"
"['河北', '月牙河']",锦江南里,115,14936,"['3室1厅1卫', '高楼层 (共6层)', '77㎡', '平层', '51.9㎡', '板塔结合', '南 北', '砖混结构', '精装', '一梯三户', '集中供暖']"
"['塘沽', '北塘街']",中建幸福城,113,12450,"['3室1厅1卫', '低楼层 (共20层)', '90.77㎡', '平层', '板楼', '南', '钢混结构', '其他', '两梯四户', '集中供暖', '有']"
"['武清', '保利金街']",保利上河雅苑南区,310,22773,"['3室2厅2卫', '高楼层 (共17层)', '136.13㎡', '平层', '板塔结合', '北 南 西', '钢混结构', '其他', '两梯四户', '集中供暖', '有']"
"['海河教育园区', '咸水沽']",融创中央学府,649,32102,"['4室2厅3卫', '中楼层 (共4层)', '202.17㎡', '南', '钢混结构', '其他', '暂无数据', '集中供暖']"
"['南开', '广开街']",吉安里,256,33809,"['2室1厅1卫', '中楼层 (共8层)', '75.72㎡', '平层', '板楼', '南 北', '混合结构', '简装', '一梯四户', '集中供暖']"
"['武清', '黄庄']",亚泰澜公馆,260,18426,"['3室2厅2卫', '中楼层 (共7层)', '141.11㎡', '平层', '119.37㎡', '板塔结合', '南 北', '钢混结构', '精装', '两梯两户', '集中供暖', '有']"
"['河北', '月牙河']",大江南里,100,27988,"['1室1厅1卫', '低楼层 (共6层)', '35.73㎡', '平层', '板塔结合', '南', '混合结构', '精装', '一梯三户', '集中供暖']"
"['和平', '体育馆街']",马场别墅,420,79246,"['2室0厅1卫', '低楼层 (共3层)', '53㎡', '错层', '33.78㎡', '板楼', '南 北', '未知结构', '其他', '一梯一户', '集中供暖']"
"['滨海新区', '中新生态城']",双威悦馨苑,168,12709,"['3室1厅2卫', '中楼层 (共19层)', '132.19㎡', '平层', '板楼', '南 北', '钢混结构', '其他', '两梯四户', '集中供暖', '有']"
"['河北', '王串场']",盛宇里,210,26126,"['2室1厅1卫', '中楼层 (共6层)', '80.38㎡', '平层', '塔楼', '南 北', '混合结构', '其他', '一梯四户', '集中供暖']"
"['宝坻', '潮阳大道']",宝境檀香,158,13208,"['3室2厅2卫', '低楼层 (共24层)', '119.63㎡', '平层', '暂无数据', '南 北', '未知结构', '其他', '一梯三户']"
"['和平', '劝业场']",劲松楼,380,64792,"['2室1厅1卫', '低楼层 (共15层)', '58.65㎡', '平层', '板塔结合', '东南', '钢混结构', '精装', '两梯二十九户', '集中供暖', '有']"
"['北辰', '瑞景居住区']",瑞宁嘉园,115,14765,"['2室1厅1卫', '高楼层 (共6层)', '77.89㎡', '平层', '板楼', '南 北', '混合结构', '其他', '一梯两户', '集中供暖']"
"['武清', '武清其它']",雍鑫红星华府,246,22446,"['3室1厅1卫', '高楼层 (共7层)', '109.6㎡', '平层', '92.32㎡', '板楼', '南', '钢混结构', '精装', '十九梯两户', '集中供暖', '有']"
"['和平', '劝业场']",银凤里,345,64850,"['2室1厅1卫', '高楼层 (共6层)', '53.2㎡', '平层', '板楼', '西南', '混合结构', '其他', '一梯四户', '集中供暖']"
"['南开', '王顶堤']",林苑东里,112,27126,"['1室1厅1卫', '低楼层 (共8层)', '41.29㎡', '暂无数据', '塔楼', '东南', '混合结构', '其他', '一梯五户', '集中供暖']"
"['武清', '武清其它']",经纬城市绿洲武清,105,16544,"['2室1厅1卫', '中楼层 (共31层)', '63.47㎡', '平层', '板楼', '北', '钢混结构', '精装', '两梯六户', '集中供暖', '有']"
"['开发区', '第五大街']",融科瀚棠,1360,50416,"['5室1厅3卫', '低楼层 (共3层)', '269.76㎡', '复式', '板塔结合', '南 北', '钢混结构', '其他', '一梯两户', '集中供暖']"
"['滨海新区', '滨海其它']",合生君景湾,211,13692,"['3室2厅2卫', '中楼层 (共32层)', '154.11㎡', '平层', '板楼', '南 北', '钢混结构', '其他', '两梯三户', '集中供暖', '有']"
"['海河教育园区', '咸水沽']",融创中央学府,520,25697,"['4室2厅2卫', '中楼层 (共4层)', '202.36㎡', '南', '未知结构', '其他', '暂无数据']"
"['滨海新区', '滨海其它']",万科海港城,130,14788,"['2室1厅1卫', '中楼层 (共33层)', '87.91㎡', '平层', '板楼', '南', '钢混结构', '其他', '两梯四户', '集中供暖', '有']"
"['河西', '挂甲寺']",北洋新里,122,31838,"['1室1厅1卫', '低楼层 (共7层)', '38.32㎡', '平层', '板楼', '西', '混合结构', '其他', '一梯五户', '集中供暖']"
"['红桥', '铃铛阁']",庆丰里,95,15900,"['1室1厅1卫', '高楼层 (共7层)', '59.75㎡', '平层', '板楼', '南', '混合结构', '其他', '一梯四户', '集中供暖']"
"['塘沽', '向阳街']",东方里,92,14023,"['2室1厅1卫', '中楼层 (共6层)', '65.61㎡', '平层', '板楼', '南 北', '混合结构', '其他', '一梯三户', '集中供暖']"
"['河西', '越秀路']",教师村,138,33342,"['2室1厅1卫', '高楼层 (共6层)', '41.39㎡', '平层', '41.39㎡', '板楼', '东 西', '混合结构', '其他', '一梯三户', '集中供暖']"
"['河东', '唐家口']",红星路178号,117,47064,"['1室1厅1卫', '低楼层 (共6层)', '24.86㎡', '平层', '板楼', '南', '钢混结构', '简装', '一梯四户', '集中供暖']"
"['河北', '光复道']",旺海公府,595,38813,"['3室2厅2卫', '低楼层 (共36层)', '153.3㎡', '平层', '板塔结合', '南 东 北', '钢混结构', '简装', '三梯四户', '集中供暖', '有']"
"['河西', '小海地']",珠江里(河西区),138,23740,"['2室1厅1卫', '低楼层 (共6层)', '58.13㎡', '平层', '板楼', '南 西', '混合结构', '简装', '一梯四户', '集中供暖']"
"['武清', '杨村']",平安里小区,167,15869,"['2室2厅1卫', '中楼层 (共6层)', '105.24㎡', '平层', '板塔结合', '南 北', '混合结构', '其他', '一梯两户', '集中供暖']"
"['河西', '陈塘庄']",中海寰宇天下,347,39735,"['2室2厅1卫', '高楼层 (共29层)', '87.33㎡', '平层', '板楼', '南 北', '钢混结构', '其他', '一梯两户', '集中供暖', '有']"
"['河西', '陈塘庄']",金海湾花园,170,30571,"['1室1厅1卫', '中楼层 (共6层)', '55.61㎡', '平层', '板楼', '南 北', '混合结构', '简装', '一梯两户', '集中供暖']"
"['武清', '武清其它']",惠民里小区,79,9253,"['2室1厅1卫', '高楼层 (共14层)', '85.38㎡', '平层', '板楼', '南', '钢混结构', '其他', '一梯四户', '集中供暖']"
"['武清', '体育中心']",北岸尚城,132,13096,"['2室2厅1卫', '高楼层 (共24层)', '100.8㎡', '平层', '板楼', '南 北', '钢混结构', '精装', '两梯三户', '集中供暖', '有']"
"['南开', '广开街']",怀仁里,110,36436,"['2室1厅1卫', '高楼层 (共7层)', '30.19㎡', '平层', '板楼', '东南', '钢混结构', '其他', '一梯六户', '集中供暖']"
"['南开', '王顶堤']",盈江西里,148,22960,"['1室1厅1卫', '高楼层 (共6层)', '64.46㎡', '平层', '板楼', '南', '混合结构', '简装', '一梯三户', '集中供暖']"
"['红桥', '西于庄']",中嘉花园怡水苑,130,18435,"['1室1厅1卫', '中楼层 (共6层)', '70.52㎡', '平层', '板楼', '南', '混合结构', '简装', '一梯三户', '集中供暖']"
"['南开', '万兴街']",花港里,195,52990,"['2室1厅1卫', '低楼层 (共6层)', '36.8㎡', '暂无数据', '板楼', '南 北', '钢混结构', '简装', '一梯三户', '集中供暖']"
"['东丽', '钢管公司']",择月里,39.5,10006,"['1室1厅1卫', '低楼层 (共6层)', '39.48㎡', '平层', '板塔结合', '南 北', '混合结构', '其他', '一梯三户', '集中供暖']"
"['滨海新区', '大港']",经纬城市绿洲滨海,199,14368,"['3室1厅2卫', '高楼层 (共11层)', '138.51㎡', '平层', '板塔结合', '南 北', '钢混结构', '精装', '一梯两户', '自供暖', '有']"
"['开发区', '第三大街']",朗月轩,122,13592,"['2室1厅1卫', '中楼层 (共32层)', '89.76㎡', '平层', '塔楼', '南', '钢混结构', '其他', '三梯八户', '集中供暖', '有']"
"['武清', '杨村']",和平里小区南区,140,15713,"['2室2厅1卫', '中楼层 (共7层)', '89.1㎡', '平层', '板塔结合', '南 北', '混合结构', '精装', '一梯两户', '集中供暖']"
"['津南', '双港']",红磡领世郡普泰花园,240,19028,"['3室2厅2卫', '低楼层 (共24层)', '126.13㎡', '平层', '板楼', '南', '钢混结构', '其他', '两梯三户', '集中供暖', '有']"
"['东丽', '万新街']",瀛通公寓,66,12131,"['1室1厅1卫', '中楼层 (共6层)', '54.41㎡', '平层', '板楼', '南', '混合结构', '简装', '五梯两户', '集中供暖', '有']"
"['南开', '长虹街']",建设新街,120,49080,"['2室0厅1卫', '低楼层 (共4层)', '24.45㎡', '平层', '板楼', '南 北', '框架结构', '其他', '一梯两户', '集中供暖']"
"['东丽', '月牙河']",溪水河畔花园,214.25,23261,"['3室2厅1卫', '中楼层 (共32层)', '92.11㎡', '平层', '板塔结合', '南 北', '钢混结构', '精装', '两梯四户', '集中供暖', '有']"
"['河东', '大王庄']",六纬路,63,26993,"['1室1厅1卫', '中楼层 (共6层)', '23.34㎡', '平层', '板楼', '南', '混合结构', '其他', '一梯四户', '集中供暖']"
"['河北', '王串场']",正兴里（河北）,152,24025,"['2室1厅1卫', '高楼层 (共5层)', '63.27㎡', '平层', '板楼', '南 北', '砖混结构', '其他', '一梯四户', '集中供暖']"
"['和平', '南营门街']",吉利花园,460,77091,"['1室1厅1卫', '低楼层 (共15层)', '59.67㎡', '平层', '板塔结合', '南', '钢混结构', '其他', '一梯四户', '集中供暖', '有']"
"['河北', '鸿顺里街']",元贺里,75,27333,"['1室1厅1卫', '低楼层 (共6层)', '27.44㎡', '平层', '板楼', '南', '混合结构', '其他', '一梯三户', '集中供暖']"
"['西青', '张家窝']",保利罗兰公馆,218,20962,"['3室1厅1卫', '中楼层 (共8层)', '104㎡', '平层', '板楼', '南 北', '钢混结构', '其他', '一梯两户', '集中供暖', '有']"
"['蓟州', '于桥水库']",天津海棠湾花园,142,14741,"['2室2厅1卫', '高楼层 (共6层)', '96.33㎡', '平层', '板楼', '南 北', '钢混结构', '精装', '一梯两户', '集中供暖']"
"['河东', '上杭路']",程林里,128,18105,"['2室1厅1卫', '中楼层 (共6层)', '70.7㎡', '平层', '板楼', '南 北', '混合结构', '简装', '一梯三户', '集中供暖']"
"['宝坻', '京津新城']",鸿坤原乡小镇,59,6939,"['2室2厅1卫', '高楼层 (共18层)', '85.03㎡', '跃层', '板塔结合', '南 北', '钢混结构', '其他', '两梯六户', '集中供暖', '有']"
"['津南', '双港']",香堤苑,210,21115,"['3室1厅1卫', '中楼层 (共7层)', '99.46㎡', '平层', '99.46㎡', '板楼', '南 北', '钢混结构', '精装', '一梯两户', '集中供暖', '有']"
"['南开', '王顶堤']",江川北里,249,27667,"['3室2厅1卫', '低楼层 (共6层)', '90㎡', '平层', '58.86㎡', '板楼', '南 北', '混合结构', '其他', '一梯两户', '集中供暖']"
"['南开', '嘉陵道街']",雅安东里,110,27067,"['2室1厅1卫', '高楼层 (共4层)', '40.64㎡', '平层', '28.47㎡', '板楼', '南 北', '混合结构', '精装', '一梯三户', '集中供暖']"
"['东丽', '新立街']",万科民和巷,185,20109,"['3室1厅1卫', '低楼层 (共15层)', '92㎡', '平层', '板楼', '南 北', '钢混结构', '其他', '两梯两户', '集中供暖', '有']"
"['和平', '新兴街']",气象东里,285,69445,"['3室1厅1卫', '高楼层 (共7层)', '41.04㎡', '平层', '塔楼', '西', '钢混结构', '其他', '一梯四户', '集中供暖']"
"['东丽', '华明镇']",华润橡树湾芳润轩,100,13205,"['2室1厅1卫', '低楼层 (共14层)', '75.73㎡', '平层', '板塔结合', '南', '钢混结构', '其他', '两梯六户', '集中供暖', '有']"
"['北辰', '宜兴埠']",宜兴南里,156,14970,"['3室1厅1卫', '低楼层 (共6层)', '104.21㎡', '平层', '104.21㎡', '板楼', '南 北', '砖混结构', '其他', '一梯两户', '集中供暖']"
"['北辰', '宜兴埠']",淮盛园,135,15521,"['2室1厅1卫', '中楼层 (共11层)', '86.98㎡', '平层', '板楼', '南 北', '钢混结构', '精装', '一梯三户', '集中供暖', '有']"
"['河东', '唐家口']",唐口新村六段,145,18648,"['2室2厅1卫', '高楼层 (共7层)', '77.76㎡', '平层', '板楼', '南 北', '混合结构', '其他', '一梯两户', '集中供暖']"
"['津南', '辛庄']",华远波士顿,145,16278,"['2室1厅1卫', '高楼层 (共26层)', '89.08㎡', '平层', '板楼', '南', '钢混结构', '其他', '两梯四户', '集中供暖', '有']"
"['南开', '鼓楼街']",尚佳新苑公寓,168,29926,"['2室2厅2卫', '中楼层 (共20层)', '56.14㎡', '复式', '塔楼', '东', '钢混结构', '其他', '四梯二十二户', '集中供暖', '有', '未知', '商电', '2.5元/m3']"
"['河东', '大直沽']",宫前东园,85,16550,"['1室1厅1卫', '高楼层 (共7层)', '51.36㎡', '平层', '板楼', '南', '混合结构', '精装', '一梯五户', '集中供暖']"
"['南开', '体育中心街']",奥翔园,260,27008,"['2室1厅1卫', '高楼层 (共24层)', '96.27㎡', '平层', '板楼', '南', '钢混结构', '精装', '两梯四户', '集中供暖', '有']"
"['北辰', '宜兴埠']",普东新苑,104,16271,"['2室1厅1卫', '中楼层 (共6层)', '63.92㎡', '平层', '板塔结合', '南', '混合结构', '简装', '一梯四户', '集中供暖']"
"['西青', '张家窝']",保利尚林苑,187.5,20324,"['3室1厅1卫', '中楼层 (共8层)', '92.26㎡', '平层', '板楼', '南 北', '钢混结构', '精装', '一梯两户', '集中供暖', '有']"
"['西青', '杨柳青']",宝安江南城,240,27196,"['2室1厅1卫', '高楼层 (共13层)', '88.25㎡', '跃层', '板楼', '南', '钢混结构', '精装', '两梯四户', '集中供暖', '有']"
"['武清', '杨村']",同泽园(武清区),120,13702,"['2室1厅1卫', '中楼层 (共16层)', '87.58㎡', '平层', '87.58㎡', '板塔结合', '南', '钢混结构', '简装', '一梯四户', '集中供暖']"
"['武清', '武清其它']",松江运河城,110,11368,"['2室1厅1卫', '高楼层 (共16层)', '96.77㎡', '平层', '板楼', '南 北', '钢混结构', '简装', '两梯四户', '集中供暖', '有']"
"['河北', '望海楼']",乾华园,360,26575,"['3室2厅2卫', '中楼层 (共25层)', '135.47㎡', '暂无数据', '板楼', '南', '钢混结构', '精装', '两梯四户', '集中供暖', '有']"
"['西青', '李七庄']",金厦新都庄园涵溪园,170,22967,"['1室1厅1卫', '高楼层 (共10层)', '74.02㎡', '平层', '板楼', '南 北', '钢混结构', '精装', '一梯三户', '集中供暖', '有']"
"['津南', '咸水沽']",普红馨苑,102,9691,"['2室1厅1卫', '高楼层 (共6层)', '105.26㎡', '平层', '板楼', '南', '混合结构', '精装', '一梯两户', '集中供暖']"
"['南开', '王顶堤']",燕园里,120,28296,"['1室1厅1卫', '高楼层 (共6层)', '42.41㎡', '平层', '板塔结合', '南 北', '混合结构', '简装', '一梯三户', '集中供暖']"
"['河北', '王串场']",城垣里,95,18003,"['1室1厅1卫', '高楼层 (共6层)', '52.77㎡', '平层', '板楼', '东 西', '混合结构', '其他', '一梯两户', '集中供暖']"
"['河北', '新开河']",润泰园,256,24944,"['3室1厅1卫', '中楼层 (共7层)', '102.63㎡', '平层', '板楼', '南 北', '混合结构', '其他', '一梯三户', '集中供暖']"
"['东丽', '空港经济区']",意境兰庭,204,21643,"['2室1厅1卫', '中楼层 (共18层)', '94.26㎡', '平层', '塔楼', '南 北', '钢混结构', '精装', '两梯四户', '集中供暖', '有']"
"['北辰', '瑞景居住区']",宝翠花都瞰景园,165,17867,"['2室2厅1卫', '低楼层 (共6层)', '92.35㎡', '平层', '板楼', '南 北', '混合结构', '精装', '一梯两户', '集中供暖']"
"['滨海新区', '滨海其它']",万科海港城,170,18766,"['3室2厅1卫', '中楼层 (共6层)', '90.59㎡', '暂无数据', '板楼', '南 北', '钢混结构', '其他', '五梯两户', '集中供暖', '有']"
"['南开', '王顶堤']",林苑北里,110,30171,"['1室1厅1卫', '中楼层 (共6层)', '36.46㎡', '平层', '板楼', '南', '混合结构', '简装', '一梯三户', '集中供暖']"
"['武清', '中信广场']",馨达园(武清区),102,12087,"['2室1厅1卫', '高楼层 (共14层)', '84.39㎡', '平层', '板楼', '南', '混合结构', '精装', '一梯四户', '集中供暖', '有']"
"['红桥', '三条石']",金领国际,508,33043,"['3室2厅2卫', '中楼层 (共32层)', '153.74㎡', '平层', '板楼', '南 北', '钢混结构', '其他', '两梯四户', '集中供暖', '有']"
"['河东', '唐家口']",东亚风尚国际,185,35428,"['1室1厅1卫', '中楼层 (共34层)', '52.22㎡', '平层', '塔楼', '南', '钢混结构', '其他', '两梯六户', '集中供暖', '有']"
"['河西', '友谊路']",育学里,145,40662,"['2室1厅1卫', '中楼层 (共6层)', '35.66㎡', '平层', '板楼', '南', '砖混结构', '精装', '一梯三户', '集中供暖']"
"['红桥', '铃铛阁']",庆丰里,95,15900,"['1室1厅1卫', '高楼层 (共7层)', '59.75㎡', '平层', '板楼', '南', '混合结构', '其他', '一梯四户', '集中供暖']"
"['河东', '中山门街']",团结东里,85,16936,"['1室1厅1卫', '高楼层 (共7层)', '50.19㎡', '平层', '板楼', '南', '混合结构', '其他', '一梯三户', '集中供暖']"
"['北辰', '果园新村']",朝阳里（北辰区）,50,15749,"['2室0厅1卫', '高楼层 (共5层)', '31.75㎡', '平层', '25.68㎡', '板楼', '南 北', '钢混结构', '其他', '一梯六户', '集中供暖']"
"['河北', '望海楼']",振德里(河北）,130,21871,"['2室1厅1卫', '高楼层 (共6层)', '59.44㎡', '平层', '板楼', '南 北', '混合结构', '简装', '一梯三户', '集中供暖']"
"['和平', '南营门街']",电台道,350,64612,"['2室0厅1卫', '中楼层 (共6层)', '54.17㎡', '平层', '10.5㎡', '板楼', '南 北', '混合结构', '其他', '一梯两户', '集中供暖']"
"['津南', '双港']",田喜盛园,80,13321,"['1室1厅1卫', '高楼层 (共25层)', '60.06㎡', '平层', '板楼', '东南', '钢混结构', '其他', '两梯八户', '集中供暖', '有']"
"['塘沽', '向阳街']",东方里,92,14023,"['2室1厅1卫', '中楼层 (共6层)', '65.61㎡', '平层', '板楼', '南 北', '混合结构', '其他', '一梯三户', '集中供暖']"
"['武清', '佛罗伦萨']",信置荔城首府,200,16478,"['3室2厅2卫', '中楼层 (共18层)', '121.38㎡', '平层', '板楼', '南 北', '钢混结构', '精装', '两梯四户', '集中供暖', '有']"
"['河西', '越秀路']",教师村,138,33342,"['2室1厅1卫', '高楼层 (共6层)', '41.39㎡', '平层', '41.39㎡', '板楼', '东 西', '混合结构', '其他', '一梯三户', '集中供暖']"
"['塘沽', '北塘街']",听海蓝珊,200,17347,"['2室1厅1卫', '高楼层 (共7层)', '115.3㎡', '平层', '板楼', '南 北', '钢混结构', '其他', '一梯两户', '集中供暖', '有']"
"['滨海新区', '大港']",七邻里北区,50,6972,"['3室1厅1卫', '高楼层 (共4层)', '71.72㎡', '平层', '板楼', '南', '混合结构', '其他', '一梯三户', '集中供暖']"
"['南开', '华苑']",安华里,162,30601,"['1室1厅1卫', '高楼层 (共6层)', '52.94㎡', '平层', '板楼', '南', '混合结构', '简装', '一梯两户', '集中供暖']"
"['河东', '唐家口']",红星路178号,117,47064,"['1室1厅1卫', '低楼层 (共6层)', '24.86㎡', '平层', '板楼', '南', '钢混结构', '简装', '一梯四户', '集中供暖']"
"['开发区', '第三大街']",月荣轩,155,17664,"['2室1厅1卫', '中楼层 (共33层)', '87.75㎡', '平层', '板楼', '南', '钢混结构', '精装', '两梯四户', '集中供暖', '有']"
"['河北', '鸿顺里街']",调丰里,182,20229,"['2室1厅1卫', '高楼层 (共6层)', '89.97㎡', '平层', '板楼', '南 北', '混合结构', '其他', '一梯三户', '集中供暖']"
"['河北', '光复道']",旺海公府,595,38813,"['3室2厅2卫', '低楼层 (共36层)', '153.3㎡', '平层', '板塔结合', '南 东 北', '钢混结构', '简装', '三梯四户', '集中供暖', '有']"
"['武清', '杨村']",檀郡,397,27005,"['3室2厅2卫', '中楼层 (共5层)', '147.01㎡', '平层', '板塔结合', '南 北', '钢混结构', '精装', '一梯两户', '集中供暖']"
"['北辰', '果园新村']",瀛洲里,94,11750,"['2室1厅1卫', '高楼层 (共6层)', '80㎡', '平层', '板楼', '南 北', '混合结构', '精装', '一梯三户', '集中供暖']"
"['红桥', '丁字沽街']",桃花园南里,62,20939,"['1室1厅1卫', '中楼层 (共5层)', '29.61㎡', '平层', '板楼', '南', '混合结构', '精装', '一梯四户', '集中供暖']"
"['津南', '八里台']",天津碧桂园,116,9766,"['3室1厅2卫', '高楼层 (共32层)', '118.79㎡', '平层', '板塔结合', '南 北', '钢混结构', '其他', '两梯四户', '集中供暖', '有']"
"['河西', '小海地']",珠江里(河西区),138,23740,"['2室1厅1卫', '低楼层 (共6层)', '58.13㎡', '平层', '板楼', '南 西', '混合结构', '简装', '一梯四户', '集中供暖']"
"['武清', '杨村']",平安里小区,167,15869,"['2室2厅1卫', '中楼层 (共6层)', '105.24㎡', '平层', '板塔结合', '南 北', '混合结构', '其他', '一梯两户', '集中供暖']"
"['西青', '西营门']",秋爽里,158,22863,"['2室1厅1卫', '低楼层 (共6层)', '69.11㎡', '平层', '板楼', '南', '混合结构', '简装', '一梯四户', '集中供暖']"
"['津南', '八里台']",天津碧桂园,45,10601,"['1室0厅1卫', '中楼层 (共18层)', '42.45㎡', '平层', '板塔结合', '南', '钢混结构', '精装', '两梯八户', '集中供暖', '有']"
"['塘沽', '北塘街']",中建幸福城,127,10858,"['3室2厅2卫', '中楼层 (共7层)', '116.97㎡', '平层', '板楼', '南 北', '钢混结构', '简装', '一梯两户', '集中供暖', '有']"
"['河西', '陈塘庄']",中海寰宇天下,347,39735,"['2室2厅1卫', '高楼层 (共29层)', '87.33㎡', '平层', '板楼', '南 北', '钢混结构', '其他', '一梯两户', '集中供暖', '有']"
"['红桥', '西沽街']",金筑家园,245,30876,"['2室1厅1卫', '高楼层 (共6层)', '79.35㎡', '平层', '板楼', '南 北', '混合结构', '其他', '一梯两户', '集中供暖']"
"['河西', '陈塘庄']",金海湾花园,170,30571,"['1室1厅1卫', '中楼层 (共6层)', '55.61㎡', '平层', '板楼', '南 北', '混合结构', '简装', '一梯两户', '集中供暖']"
"['塘沽', '新村街']",碧海鸿庭,350,24165,"['3室2厅2卫', '中楼层 (共17层)', '144.84㎡', '平层', '板楼', '南 北', '钢混结构', '精装', '一梯两户', '集中供暖', '有']"
"['武清', '武清其它']",惠民里小区,79,9253,"['2室1厅1卫', '高楼层 (共14层)', '85.38㎡', '平层', '板楼', '南', '钢混结构', '其他', '一梯四户', '集中供暖']"
"['河西', '友谊路']",纯真里,196,28378,"['2室1厅1卫', '中楼层 (共6层)', '69.07㎡', '平层', '板楼', '南 北', '混合结构', '其他', '一梯四户', '集中供暖']"
"['滨海新区', '大港']",曙光里(大港区),110,11461,"['2室2厅1卫', '高楼层 (共6层)', '95.98㎡', '平层', '板楼', '南 北', '砖混结构', '其他', '一梯两户', '集中供暖']"
"['武清', '体育中心']",北岸尚城,132,13096,"['2室2厅1卫', '高楼层 (共24层)', '100.8㎡', '平层', '板楼', '南 北', '钢混结构', '精装', '两梯三户', '集中供暖', '有']"
"['南开', '广开街']",怀仁里,110,36436,"['2室1厅1卫', '高楼层 (共7层)', '30.19㎡', '平层', '板楼', '东南', '钢混结构', '其他', '一梯六户', '集中供暖']"
"['河北', '王串场']",宇萃里,105,22270,"['2室1厅1卫', '低楼层 (共6层)', '47.15㎡', '平层', '塔楼', '东 南', '混合结构', '精装', '一梯六户', '集中供暖']"
"['南开', '王顶堤']",盈江西里,148,22960,"['1室1厅1卫', '高楼层 (共6层)', '64.46㎡', '平层', '板楼', '南', '混合结构', '简装', '一梯三户', '集中供暖']"
"['红桥', '西于庄']",中嘉花园怡水苑,130,18435,"['1室1厅1卫', '中楼层 (共6层)', '70.52㎡', '平层', '板楼', '南', '混合结构', '简装', '一梯三户', '集中供暖']"
"['南开', '万兴街']",花港里,195,52990,"['2室1厅1卫', '低楼层 (共6层)', '36.8㎡', '暂无数据', '板楼', '南 北', '钢混结构', '简装', '一梯三户', '集中供暖']"
"['西青', '李七庄']",格调平园,500,39213,"['3室2厅1卫', '中楼层 (共10层)', '127.51㎡', '平层', '板楼', '北 南', '钢混结构', '精装', '一梯两户', '集中供暖', '有']"
"['东丽', '张贵庄']",嘉祥里(东丽区),69,16908,"['1室1厅1卫', '中楼层 (共5层)', '40.81㎡', '平层', '板楼', '南', '混合结构', '其他', '一梯三户', '集中供暖']"
"['东丽', '钢管公司']",择月里,39.5,10006,"['1室1厅1卫', '低楼层 (共6层)', '39.48㎡', '平层', '板塔结合', '南 北', '混合结构', '其他', '一梯三户', '集中供暖']"
"['津南', '咸水沽']",红磡同堂,260,18873,"['3室2厅2卫', '中楼层 (共7层)', '137.77㎡', '平层', '板楼', '南 北', '钢混结构', '其他', '一梯两户', '集中供暖', '有']"
"['滨海新区', '大港']",经纬城市绿洲滨海,199,14368,"['3室1厅2卫', '高楼层 (共11层)', '138.51㎡', '平层', '板塔结合', '南 北', '钢混结构', '精装', '一梯两户', '自供暖', '有']"
"['南开', '向阳路']",怡园里,330,36157,"['2室1厅1卫', '低楼层 (共7层)', '91.27㎡', '平层', '板楼', '南 北', '混合结构', '其他', '一梯两户', '集中供暖']"
"['南开', '向阳路']",留园里（南开区）,125,26338,"['1室1厅1卫', '低楼层 (共6层)', '47.46㎡', '平层', '板楼', '西', '混合结构', '其他', '一梯七户', '集中供暖']"
"['河东', '春华街']",东盈园,225,24378,"['2室1厅1卫', '高楼层 (共6层)', '92.3㎡', '平层', '板楼', '东 南 北', '混合结构', '其他', '一梯两户', '集中供暖']"
"['宝坻', '京津新城']",香江健康小镇康乃馨园,29,4197,"['1室1厅1卫', '高楼层 (共30层)', '69.1㎡', '平层', '板楼', '东', '钢混结构', '其他', '两梯二十二户', '集中供暖', '有']"
"['开发区', '第三大街']",朗月轩,122,13592,"['2室1厅1卫', '中楼层 (共32层)', '89.76㎡', '平层', '塔楼', '南', '钢混结构', '其他', '三梯八户', '集中供暖', '有']"
"['河东', '中山门街']",互助南里,140,21780,"['2室1厅1卫', '中楼层 (共7层)', '64.28㎡', '平层', '64.28㎡', '板楼', '南 北', '混合结构', '简装', '一梯四户', '集中供暖']"
"['南开', '王顶堤']",金环里,128,26897,"['1室1厅1卫', '中楼层 (共6层)', '47.59㎡', '平层', '板楼', '南', '混合结构', '其他', '一梯四户', '集中供暖']"
"['红桥', '西于庄']",中嘉花园澄水苑,188,20587,"['2室1厅1卫', '中楼层 (共6层)', '91.32㎡', '平层', '板楼', '北 南', '混合结构', '简装', '一梯两户', '集中供暖']"
"['武清', '杨村']",和平里小区南区,140,15713,"['2室2厅1卫', '中楼层 (共7层)', '89.1㎡', '平层', '板塔结合', '南 北', '混合结构', '精装', '一梯两户', '集中供暖']"
"['河北', '建昌道']",建湖里,64,21242,"['1室1厅1卫', '高楼层 (共6层)', '30.13㎡', '平层', '21.87㎡', '板楼', '南', '钢混结构', '其他', '一梯四户', '集中供暖']"
"['津南', '双港']",红磡领世郡普泰花园,240,19028,"['3室2厅2卫', '低楼层 (共24层)', '126.13㎡', '平层', '板楼', '南', '钢混结构', '其他', '两梯三户', '集中供暖', '有']"
"['滨海新区', '大港']",振华里(滨海新区),80,7613,"['2室2厅1卫', '高楼层 (共6层)', '105.09㎡', '跃层', '板楼', '南 北', '混合结构', '其他', '一梯两户', '集中供暖']"
"['东丽', '万新街']",瀛通公寓,66,12131,"['1室1厅1卫', '中楼层 (共6层)', '54.41㎡', '平层', '板楼', '南', '混合结构', '简装', '五梯两户', '集中供暖', '有']"
"['武清', '下朱庄']",亿儒园,125,13897,"['3室1厅1卫', '中楼层 (共8层)', '89.95㎡', '平层', '板楼', '南', '钢混结构', '毛坯', '一梯两户', '集中供暖', '有']"
"['和平', '劝业场']",承德道,207.9,59400,"['1室1厅1卫', '中楼层 (共8层)', '35㎡', '平层', '22.05㎡', '板楼', '西北', '钢混结构', '精装', '一梯六户', '集中供暖']"
"['河西', '越秀路']",祥和里,252,36062,"['2室1厅1卫', '高楼层 (共7层)', '69.88㎡', '平层', '板楼', '南 北', '混合结构', '简装', '一梯四户', '集中供暖']"
"['河西', '小海地']",龙博花园,222.9,25190,"['2室1厅1卫', '高楼层 (共6层)', '88.49㎡', '平层', '板楼', '南 北', '混合结构', '精装', '一梯三户', '集中供暖']"
"['西青', '张家窝']",锦盛里,60,8851,"['1室1厅1卫', '低楼层 (共20层)', '67.79㎡', '平层', '板塔结合', '南', '混合结构', '精装', '两梯四户', '集中供暖', '有']"
"['南开', '向阳路']",芥园里,139,28081,"['2室1厅1卫', '中楼层 (共6层)', '49.5㎡', '平层', '板楼', '南 北', '混合结构', '其他', '一梯四户', '集中供暖']"
"['河西', '挂甲寺']",新颖里,148,46940,"['2室1厅1卫', '高楼层 (共5层)', '31.53㎡', '平层', '31.53㎡', '板楼', '南', '砖混结构', '简装', '一梯四户', '集中供暖']"
"['北辰', '天穆镇']",天和丽园,75,15082,"['1室1厅1卫', '中楼层 (共25层)', '49.73㎡', '平层', '暂无数据', '南', '混合结构', '精装', '两梯五户', '集中供暖', '有']"
"['南开', '长虹街']",石泉里,127,30174,"['1室1厅1卫', '高楼层 (共6层)', '42.09㎡', '平层', '板楼', '南', '混合结构', '简装', '一梯四户', '集中供暖']"
"['和平', '劝业场']",新疆路三号公寓,680,51002,"['3室1厅1卫', '中楼层 (共9层)', '133.33㎡', '平层', '板塔结合', '南 北', '钢混结构', '简装', '两梯三户', '集中供暖', '有']"
"['河东', '二号桥街']",明家庄园,238,23058,"['2室1厅1卫', '高楼层 (共5层)', '103.22㎡', '平层', '板楼', '南 北', '混合结构', '其他', '一梯两户', '集中供暖']"
"['北辰', '宜兴埠']",远洋未来城,195,22248,"['2室1厅1卫', '低楼层 (共26层)', '87.65㎡', '平层', '板塔结合', '南', '钢混结构', '毛坯', '两梯四户', '集中供暖', '有']"
"['河西', '陈塘庄']",雅致里,140,25497,"['1室1厅1卫', '中楼层 (共6层)', '54.91㎡', '平层', '板楼', '南', '混合结构', '其他', '一梯三户', '集中供暖']"
"['南开', '嘉陵道街']",泊江东里,190,28555,"['2室1厅1卫', '中楼层 (共6层)', '66.54㎡', '平层', '板楼', '南 北', '混合结构', '其他', '一梯三户', '集中供暖']"
"['红桥', '三条石']",千吉花园,305,32259,"['2室1厅1卫', '低楼层 (共33层)', '94.55㎡', '平层', '板楼', '南', '钢混结构', '毛坯', '两梯三户', '集中供暖', '有']"
"['河北', '建昌道']",富瀛洲花园,249,20449,"['3室1厅2卫', '中楼层 (共24层)', '121.77㎡', '平层', '塔楼', '南', '钢混结构', '精装', '两梯三户', '集中供暖', '有']"
"['东丽', '万新街']",舒畅嘉园,112.5,11963,"['2室1厅1卫', '高楼层 (共20层)', '94.04㎡', '平层', '板楼', '南 北', '钢混结构', '精装', '两梯四户', '集中供暖', '有']"
"['武清', '下朱庄']",保利香颂湖,142,15486,"['2室2厅1卫', '高楼层 (共18层)', '91.7㎡', '平层', '板楼', '南 北', '钢混结构', '其他', '两梯四户', '集中供暖', '有']"
"['河北', '靖江路']",印江南里,82,19846,"['1室1厅1卫', '高楼层 (共5层)', '41.32㎡', '平层', '板塔结合', '南', '混合结构', '简装', '一梯三户', '集中供暖']"
"['西青', '张家窝']",万科四季雅园,173,19281,"['3室2厅1卫', '中楼层 (共8层)', '89.73㎡', '平层', '板塔结合', '南 北', '钢混结构', '其他', '一梯两户', '集中供暖', '有']"
"['南开', '向阳路']",裕达花园,475,36054,"['3室2厅2卫', '高楼层 (共32层)', '131.75㎡', '平层', '板楼', '南 北', '钢混结构', '精装', '两梯四户', '集中供暖', '有']"
"['南开', '长虹街']",广灵里,121,20938,"['1室1厅1卫', '中楼层 (共7层)', '57.79㎡', '平层', '板楼', '西', '混合结构', '简装', '一梯四户', '集中供暖']"
"['开发区', '第三大街']",月韵轩,325,21588,"['3室2厅2卫', '中楼层 (共24层)', '150.55㎡', '平层', '板塔结合', '南 北', '钢混结构', '精装', '两梯四户', '集中供暖', '有']"
"['河东', '唐家口']",晓德里,130,22242,"['2室1厅1卫', '低楼层 (共6层)', '58.45㎡', '平层', '板楼', '西', '混合结构', '简装', '一梯三户', '集中供暖']"
"['津南', '小站镇']",津门熙湖,130,9900,"['3室1厅2卫', '中楼层 (共7层)', '131.32㎡', '平层', '板塔结合', '南 北', '钢混结构', '其他', '一梯两户', '自供暖']"
"['和平', '南市']",蓉芳里,320,56498,"['1室1厅1卫', '高楼层 (共9层)', '56.64㎡', '平层', '板楼', '东南 南', '钢混结构', '其他', '一梯十九户', '集中供暖', '有']"
"['红桥', '邵公庄']",金联公寓,142,18000,"['2室1厅1卫', '高楼层 (共7层)', '78.89㎡', '平层', '板楼', '南 北', '混合结构', '其他', '一梯四户', '集中供暖']"
"['河西', '新梅江']",万科新梅江柏翠园,616,39064,"['3室2厅2卫', '高楼层 (共16层)', '157.69㎡', '平层', '板楼', '南 北', '钢混结构', '精装', '一梯两户', '集中供暖', '有']"
"['河东', '大直沽']",宫前园,205,22911,"['2室1厅1卫', '高楼层 (共6层)', '89.48㎡', '平层', '板楼', '南', '混合结构', '精装', '一梯两户', '集中供暖']"
"['南开', '兴南街']",怀庆里,150,33230,"['1室1厅1卫', '高楼层 (共7层)', '45.14㎡', '平层', '板塔结合', '南', '混合结构', '其他', '一梯五户', '集中供暖']"
"['河西', '小海地']",云山里,100,40258,"['1室1厅1卫', '低楼层 (共6层)', '24.84㎡', '平层', '板楼', '南', '混合结构', '其他', '一梯三户', '集中供暖']"
"['西青', '李七庄']",富力津门湖西子花园,365,26621,"['3室1厅2卫', '高楼层 (共31层)', '137.11㎡', '平层', '塔楼', '南', '钢混结构', '精装', '两梯四户', '集中供暖', '有']"
"['津南', '咸水沽']",星宇花园,106,10639,"['3室1厅1卫', '高楼层 (共36层)', '99.64㎡', '平层', '74.17㎡', '板塔结合', '南', '钢混结构', '简装', '两梯四户', '集中供暖', '有']"
"['河东', '大王庄']",津塘路15号,160,21882,"['2室1厅1卫', '高楼层 (共9层)', '73.12㎡', '平层', '73.12㎡', '板楼', '南 北', '钢混结构', '简装', '一梯九户', '集中供暖', '有']"
"['红桥', '双环邨']",佳园北里,102,17771,"['2室1厅1卫', '中楼层 (共6层)', '57.4㎡', '平层', '板楼', '南', '混合结构', '简装', '一梯三户', '集中供暖']"
"['东丽', '万新街']",昆仑北里C区,105,13976,"['2室1厅1卫', '高楼层 (共6层)', '75.13㎡', '平层', '板楼', '南 北', '混合结构', '精装', '一梯三户', '集中供暖']"
"['河西', '天塔街']",司法警校宿舍,90,30571,"['1室1厅1卫', '高楼层 (共6层)', '29.44㎡', '平层', '板楼', '南', '砖混结构', '精装', '一梯四户', '集中供暖']"
"['河北', '望海楼']",昆云里,95,22192,"['1室1厅1卫', '高楼层 (共7层)', '42.81㎡', '平层', '板楼', '南', '混合结构', '精装', '一梯十七户', '集中供暖']"
"['南开', '鼓楼街']",静德花园,485,50967,"['2室1厅1卫', '高楼层 (共31层)', '95.16㎡', '平层', '板楼', '南', '钢混结构', '精装', '两梯三户', '集中供暖', '有']"
"['红桥', '丁字沽街']",东大楼小区,56,36411,"['1室0厅0卫', '中楼层 (共4层)', '15.38㎡', '平层', '板楼', '南', '钢混结构', '简装', '一梯六户', '集中供暖']"
"['河西', '大营门']",积庆里,170,48879,"['1室1厅1卫', '低楼层 (共6层)', '34.78㎡', '平层', '板楼', '东北', '混合结构', '其他', '一梯四户', '集中供暖']"
"['河北', '鸿顺里街']",日方里,80,19956,"['1室1厅1卫', '中楼层 (共7层)', '40.09㎡', '平层', '塔楼', '南', '钢混结构', '简装', '一梯五户', '集中供暖']"
"['武清', '杨村']",雅静园,130,20253,"['1室1厅1卫', '中楼层 (共14层)', '64.19㎡', '平层', '板楼', '南 北', '钢混结构', '精装', '两梯四户', '集中供暖', '有']"
"['河西', '马场街']",向荣里,170,50807,"['1室1厅1卫', '高楼层 (共8层)', '33.46㎡', '平层', '板塔结合', '南 北', '混合结构', '精装', '一梯六户', '集中供暖']"
"['东丽', '华明镇']",大唐印象唐雅苑,134,15857,"['2室1厅1卫', '中楼层 (共18层)', '84.51㎡', '平层', '63.04㎡', '板楼', '南', '钢混结构', '精装', '两梯四户', '集中供暖', '有']"
"['东丽', '东丽湖']",万科城盛锦苑,92,8885,"['3室2厅1卫', '低楼层 (共18层)', '103.55㎡', '平层', '82.1㎡', '板楼', '南 北', '钢混结构', '其他', '两梯四户', '集中供暖', '有']"
"['河东', '春华街']",春华里（河东区）,87,20404,"['1室1厅1卫', '高楼层 (共6层)', '42.64㎡', '平层', '板楼', '西南', '混合结构', '其他', '一梯五户', '集中供暖']"
"['塘沽', '新港']",新民里,105,13706,"['2室1厅1卫', '低楼层 (共6层)', '76.61㎡', '平层', '板楼', '南 北', '混合结构', '简装', '一梯三户', '集中供暖']"
"['河东', '中山门街']",团结北里,112,20615,"['1室1厅1卫', '中楼层 (共6层)', '54.33㎡', '平层', '板楼', '南', '钢混结构', '其他', '一梯四户', '集中供暖']"
"['塘沽', '新河街']",湘江里,57,14250,"['1室1厅1卫', '中楼层 (共5层)', '40㎡', '平层', '板楼', '南 北', '混合结构', '其他', '一梯三户', '集中供暖']"
"['河东', '大王庄']",积善里,74,16552,"['1室1厅1卫', '高楼层 (共7层)', '44.71㎡', '平层', '板楼', '东', '混合结构', '其他', '一梯六户', '集中供暖']"
"['红桥', '铃铛阁']",康华里,208,28296,"['2室1厅1卫', '低楼层 (共7层)', '73.51㎡', '平层', '板楼', '南 北', '混合结构', '精装', '一梯四户', '集中供暖']"
"['河东', '向阳楼']",顺达东里,73,15754,"['1室1厅1卫', '高楼层 (共6层)', '46.34㎡', '平层', '板塔结合', '西 东', '混合结构', '其他', '一梯六户', '集中供暖']"
"['南开', '王顶堤']",美丽心殿,285,31111,"['2室1厅0卫', '低楼层 (共6层)', '91.61㎡', '平层', '板楼', '南 北', '混合结构', '其他', '一梯三户', '集中供暖']"
"['东丽', '金钟街']",轩和里,92,10163,"['2室1厅1卫', '高楼层 (共32层)', '90.53㎡', '平层', '板楼', '南', '钢混结构', '其他', '两梯四户', '集中供暖', '有']"
"['河北', '王串场']",玉容花园,254,27466,"['2室1厅1卫', '低楼层 (共7层)', '92.48㎡', '平层', '板楼', '南 北', '混合结构', '简装', '一梯两户', '集中供暖']"
"['武清', '黄庄']",亚泰澜公馆,186,15853,"['3室2厅1卫', '高楼层 (共7层)', '117.33㎡', '平层', '板塔结合', '南 北', '钢混结构', '精装', '一梯两户', '集中供暖', '有']"
"['河西', '梅江']",欣水园,660,34801,"['3室2厅2卫', '中楼层 (共11层)', '189.65㎡', '错层', '板楼', '南 北', '钢混结构', '其他', '一梯两户', '集中供暖', '有']"
"['红桥', '邵公庄']",金联公寓,99,17648,"['1室1厅1卫', '中楼层 (共7层)', '56.1㎡', '平层', '板楼', '南', '混合结构', '其他', '一梯四户', '集中供暖']"
"['和平', '劝业场']",山西路,430,74062,"['2室1厅1卫', '中楼层 (共5层)', '58.06㎡', '平层', '板楼', '南', '混合结构', '精装', '一梯四户', '集中供暖']"
"['河北', '光复道']",琴海公寓,243,29416,"['2室1厅1卫', '高楼层 (共12层)', '82.61㎡', '平层', '板楼', '东南 西南', '钢混结构', '简装', '一梯九户', '集中供暖', '有']"
"['南开', '兴南街']",德庆里,164.9,34819,"['1室1厅1卫', '高楼层 (共7层)', '47.36㎡', '平层', '板楼', '南 北', '混合结构', '简装', '一梯三户', '集中供暖']"
"['武清', '杨村']",潞水华苑,129,16286,"['2室1厅1卫', '高楼层 (共18层)', '79.21㎡', '平层', '板楼', '南 北', '钢混结构', '毛坯', '两梯四户', '集中供暖', '有']"
"['南开', '王顶堤']",凤园里,153,25758,"['2室1厅1卫', '中楼层 (共7层)', '59.4㎡', '平层', '板楼', '东 西', '钢混结构', '简装', '一梯三户', '集中供暖']"
"['和平', '新兴街']",新建村,275,65633,"['1室1厅1卫', '中楼层 (共7层)', '41.9㎡', '平层', '29.56㎡', '板楼', '南', '混合结构', '简装', '一梯四户', '集中供暖']"
"['河西', '天塔街']",纪发公寓,245,28226,"['2室1厅1卫', '高楼层 (共6层)', '86.8㎡', '平层', '板楼', '南 北', '混合结构', '简装', '一梯四户', '集中供暖']"
"['河北', '王串场']",盛宇里,81.9,20635,"['1室1厅1卫', '中楼层 (共7层)', '39.69㎡', '平层', '板楼', '南', '钢混结构', '其他', '一梯六户', '集中供暖']"
"['南开', '华苑']",居华里,166,28597,"['1室1厅1卫', '中楼层 (共5层)', '58.05㎡', '平层', '板楼', '东 西', '混合结构', '精装', '一梯四户', '集中供暖']"
"['河西', '小海地']",嫩江里,160,28845,"['2室1厅1卫', '低楼层 (共6层)', '55.47㎡', '平层', '板楼', '南 北', '混合结构', '精装', '一梯两户', '集中供暖']"
"['塘沽', '胡家园']",新塘组团·星河苑,70,7693,"['2室2厅1卫', '高楼层 (共15层)', '91㎡', '平层', '暂无数据', '南', '未知结构', '其他', '两梯三户', '有']"
"['海河教育园区', '咸水沽']",仁恒滨河湾,182,18061,"['2室2厅1卫', '低楼层 (共24层)', '100.77㎡', '暂无数据', '板楼', '南 北', '钢混结构', '其他', '三梯四户', '集中供暖', '有']"
"['津南', '八里台']",天津碧桂园,145,10270,"['3室2厅2卫', '低楼层 (共32层)', '141.2㎡', '平层', '板塔结合', '南 北', '钢混结构', '其他', '两梯三户', '集中供暖', '有']"
"['北辰', '北仓镇']",荣溪园,75,11695,"['1室1厅1卫', '高楼层 (共27层)', '64.13㎡', '平层', '板楼', '南', '钢混结构', '其他', '两梯五户', '集中供暖', '有']"
"['蓟州', '蓟州城区']",物资局家属楼,68,9715,"['2室1厅1卫', '高楼层 (共5层)', '70㎡', '平层', '塔楼', '南 北', '混合结构', '其他', '一梯三户', '集中供暖']"
"['河西', '友谊路']",海建里,162,40930,"['1室1厅1卫', '中楼层 (共6层)', '39.58㎡', '平层', '板楼', '南', '混合结构', '其他', '一梯三户', '集中供暖']"
"['河西', '马场街']",中央公馆,116,22885,"['1室1厅1卫', '低楼层 (共27层)', '50.69㎡', '平层', '塔楼', '南', '钢混结构', '其他', '四梯二十四户', '集中供暖', '有']"
"['河西', '下瓦房']",福建路,228,27667,"['3室1厅1卫', '中楼层 (共6层)', '82.41㎡', '平层', '板楼', '北', '混合结构', '简装', '一梯四户', '集中供暖']"
"['河北', '望海楼']",昆云里,110,26449,"['1室1厅1卫', '高楼层 (共7层)', '41.59㎡', '平层', '板楼', '南 北', '混合结构', '其他', '一梯四户', '集中供暖']"
"['和平', '体育馆街']",万科世贸广场,320,27556,"['2室1厅1卫', '高楼层 (共24层)', '116.13㎡', '平层', '塔楼', '南', '钢混结构', '其他', '四梯六户', '集中供暖', '有']"
"['北辰', '双环邨']",瑞晨家园,85,14424,"['1室1厅1卫', '中楼层 (共18层)', '58.93㎡', '平层', '板塔结合', '南', '钢混结构', '精装', '两梯四户', '集中供暖', '有']"
"['河东', '真理道']",东惠家园,88,18848,"['1室1厅1卫', '高楼层 (共32层)', '46.69㎡', '平层', '塔楼', '南', '钢混结构', '其他', '三梯八户', '集中供暖', '有']"
"['塘沽', '新港']",紫云园,260,19912,"['3室2厅2卫', '中楼层 (共19层)', '130.58㎡', '平层', '板楼', '南 北', '钢混结构', '其他', '两梯两户', '集中供暖', '有']"
"['西青', '张家窝']",锦盛里,145.5,12137,"['3室2厅1卫', '高楼层 (共24层)', '119.89㎡', '平层', '板塔结合', '南 北', '混合结构', '简装', '两梯五户', '集中供暖', '有']"
"['河东', '中山门街']",格调竹境,248,24577,"['2室2厅1卫', '中楼层 (共30层)', '100.91㎡', '平层', '100㎡', '板楼', '南', '钢混结构', '精装', '两梯四户', '集中供暖', '有']"
"['河西', '小海地']",华江里,129,26681,"['1室1厅1卫', '中楼层 (共6层)', '48.35㎡', '平层', '板楼', '东 西', '混合结构', '精装', '一梯三户', '集中供暖']"
"['南开', '长虹街']",华安北里,137,41503,"['1室1厅1卫', '低楼层 (共6层)', '33.01㎡', '平层', '板楼', '南', '混合结构', '其他', '一梯四户', '集中供暖']"
"['南开', '广开街']",瑞德里,136,34163,"['1室1厅1卫', '高楼层 (共7层)', '39.81㎡', '平层', '板楼', '南', '混合结构', '精装', '一梯六户', '集中供暖']"
"['南开', '兴南街']",耀远里,175,39837,"['1室1厅1卫', '高楼层 (共7层)', '43.93㎡', '平层', '板楼', '南', '混合结构', '精装', '一梯四户', '集中供暖']"
"['河东', '万新村']",曲溪西里,64,17326,"['1室1厅1卫', '中楼层 (共6层)', '36.94㎡', '平层', '24.6㎡', '塔楼', '南', '混合结构', '精装', '一梯三户', '集中供暖']"
"['滨海新区', '汉沽']",红霞里(汉沽区),32.9,7686,"['1室1厅1卫', '高楼层 (共4层)', '42.81㎡', '平层', '板楼', '南 北', '钢混结构', '其他', '一梯两户', '集中供暖']"
"['宝坻', '火车站']",绿景家園,81,9167,"['2室1厅1卫', '高楼层 (共6层)', '88.37㎡', '平层', '板楼', '北 南', '混合结构', '精装', '一梯两户', '集中供暖']"
"['和平', '新兴街']",宜昌北里,198,88551,"['1室1厅1卫', '高楼层 (共7层)', '22.36㎡', '平层', '22.36㎡', '塔楼', '南', '钢混结构', '精装', '一梯十一户', '集中供暖']"
"['河西', '小海地']",华江里,112,41207,"['1室1厅1卫', '低楼层 (共6层)', '27.18㎡', '平层', '板楼', '南 北', '混合结构', '其他', '一梯三户', '集中供暖']"
"['西青', '中北镇']",华亭国际,162,19566,"['2室1厅1卫', '低楼层 (共11层)', '82.8㎡', '平层', '板楼', '南', '钢混结构', '精装', '一梯三户', '集中供暖', '有']"
"['南开', '向阳路']",云阳北里,210,27560,"['2室1厅1卫', '高楼层 (共6层)', '76.2㎡', '平层', '板楼', '东 南', '混合结构', '简装', '一梯五户', '集中供暖']"
"['蓟州', '蓟州城区']",安裕新村,73,9659,"['2室1厅1卫', '高楼层 (共6层)', '75.58㎡', '平层', '板楼', '南 北', '混合结构', '其他', '一梯两户', '集中供暖']"
"['红桥', '丁字沽街']",东大楼小区,55,25582,"['2室0厅1卫', '低楼层 (共2层)', '21.5㎡', '平层', '板楼', '南 北', '钢混结构', '其他', '一梯九户', '集中供暖']"
"['河西', '挂甲寺']",景福里,208,43984,"['1室1厅1卫', '低楼层 (共7层)', '47.29㎡', '平层', '板楼', '东', '钢混结构', '精装', '一梯四户', '集中供暖']"
"['东丽', '军粮城']",军瑞园,90,9783,"['3室2厅1卫', '低楼层 (共32层)', '92㎡', '平层', '板塔结合', '南 北', '钢混结构', '其他', '两梯四户', '集中供暖', '有']"
"['河东', '真理道']",盛世嘉园,150,19748,"['2室2厅1卫', '高楼层 (共6层)', '75.96㎡', '平层', '板塔结合', '南 北', '混合结构', '精装', '一梯两户', '集中供暖']"
"['滨海新区', '大港']",海花园,220,18602,"['3室3厅2卫', '中楼层 (共6层)', '118.27㎡', '平层', '板塔结合', '南 北', '混合结构', '精装', '一梯两户', '集中供暖', '有']"
"['河西', '陈塘庄']",四季馨园,360,29797,"['3室2厅2卫', '高楼层 (共6层)', '120.82㎡', '错层', '板楼', '南 北', '混合结构', '其他', '一梯两户', '集中供暖']"
"['东丽', '华明镇']",乔园,40,8575,"['1室0厅1卫', '低楼层 (共14层)', '46.65㎡', '平层', '板楼', '南', '钢混结构', '其他', '两梯七户', '集中供暖', '有']"
"['东丽', '万新街']",翠海佳园,157,16544,"['2室2厅1卫', '低楼层 (共14层)', '94.9㎡', '平层', '板楼', '南', '钢混结构', '其他', '两梯三户', '集中供暖', '有']"
"['武清', '体育中心']",北岸尚城,220,17891,"['3室2厅1卫', '低楼层 (共6层)', '122.97㎡', '平层', '板楼', '南 北', '混合结构', '简装', '一梯两户', '集中供暖']"
"['河西', '越秀路']",黄埔里,78,33825,"['1室0厅0卫', '低楼层 (共5层)', '23.06㎡', '平层', '15.92㎡', '板楼', '南', '钢混结构', '其他', '一梯六户', '集中供暖']"
"['津南', '八里台']",融创星耀五洲,75,8629,"['3室2厅1卫', '中楼层 (共33层)', '86.92㎡', '平层', '板楼', '南 北', '钢混结构', '精装', '一梯五户', '集中供暖', '有']"
"['南开', '嘉陵道街']",禧顺花园,310,33568,"['2室1厅1卫', '低楼层 (共6层)', '92.35㎡', '平层', '塔楼', '北 南', '混合结构', '简装', '一梯两户', '集中供暖']"
"['河西', '马场街']",建国楼,125,42838,"['1室1厅1卫', '中楼层 (共7层)', '29.18㎡', '暂无数据', '板楼', '西南', '钢混结构', '简装', '一梯五户', '集中供暖']"
"['塘沽', '杭州道']",治国里,90,12858,"['2室1厅1卫', '高楼层 (共7层)', '70㎡', '平层', '板楼', '西北', '混合结构', '简装', '一梯四户', '集中供暖']"
"['津南', '双港']",欣悦佳园,68,12452,"['1室1厅1卫', '中楼层 (共17层)', '54.61㎡', '平层', '板楼', '西南', '钢混结构', '简装', '两梯六户', '集中供暖', '有']"
"['西青', '李七庄']",朗庭园,227,23434,"['2室2厅1卫', '高楼层 (共23层)', '96.87㎡', '平层', '塔楼', '南 北', '钢混结构', '其他', '两梯四户', '集中供暖', '有']"
"['河西', '桃园街']",连荣里,199,34603,"['2室1厅1卫', '高楼层 (共6层)', '57.51㎡', '平层', '板楼', '南', '混合结构', '精装', '一梯五户', '集中供暖']"
"['河东', '大王庄']",麟祥里,102,29235,"['1室1厅1卫', '低楼层 (共6层)', '34.89㎡', '平层', '板楼', '西', '混合结构', '其他', '一梯四户', '集中供暖']"
"['滨海新区', '大港']",福泽园(滨海新区),140,11894,"['2室2厅1卫', '中楼层 (共5层)', '117.71㎡', '平层', '100㎡', '板楼', '南 北', '混合结构', '精装', '一梯两户', '集中供暖']"
"['宝坻', '南三路']",中保住宅楼,75,7440,"['3室2厅1卫', '高楼层 (共6层)', '100.82㎡', '平层', '板楼', '南 北', '混合结构', '其他', '一梯两户', '集中供暖']"
"['红桥', '西营门']",和苑家园绵和园,123,16180,"['2室1厅1卫', '高楼层 (共25层)', '76.02㎡', '平层', '板塔结合', '南', '钢混结构', '精装', '两梯五户', '集中供暖', '有']"
"['河西', '小海地']",三水南里,105,25253,"['2室1厅1卫', '高楼层 (共6层)', '41.58㎡', '平层', '板楼', '南 北', '砖混结构', '精装', '一梯三户', '集中供暖']"
"['西青', '大寺']",渤海天易园,143,15220,"['2室2厅1卫', '中楼层 (共11层)', '93.96㎡', '平层', '板楼', '南 北', '钢混结构', '其他', '一梯三户', '集中供暖', '有']"
"['武清', '佛罗伦萨']",亨通花园东区北里,185,14463,"['3室2厅1卫', '中楼层 (共6层)', '127.92㎡', '平层', '板楼', '南', '混合结构', '其他', '一梯两户', '集中供暖', '有']"
"['和平', '体育馆街']",诚基经贸中心,230,38675,"['1室1厅1卫', '低楼层 (共50层)', '59.47㎡', '平层', '塔楼', '北', '钢混结构', '简装', '八梯三十六户', '集中供暖', '有']"
